{"cameraMode":{"drawMode":0,"name":"Shaded","section":"Shading Mode"},"sceneLighting":true,"audioPlay":false,"sceneViewState":{"m_AlwaysRefresh":false,"showFog":true,"showSkybox":true,"showFlares":true,"showImageEffects":true,"showParticleSystems":true,"showVisualEffectGraphs":true,"m_FxEnabled":true},"in2DMode":false,"pivot":{"x":-1.9233700037002564,"y":3.303105592727661,"z":0.831855297088623},"rotation":{"x":0.019740872085094453,"y":-0.2991824448108673,"z":-0.006191071588546038,"w":-0.9539721012115479},"size":4.166025161743164,"orthographic":false}